INSERT INTO adresy (ad_id, ad_kraj, ad_wojewodztwo, ad_miasto, ad_ulica, ad_nr_domu, ad_kod_pocztowy) VALUES (001, 'Polska', 'Swietokrzyskie', 'Kielce', '3maja','42','25-004');
INSERT INTO adresy (ad_id, ad_kraj, ad_wojewodztwo, ad_miasto, ad_ulica, ad_nr_domu, ad_kod_pocztowy) VALUES (002, 'Polska', 'Malopolskie', 'Krakow', 'Grunwaldzka', '193', '28-500');
INSERT INTO adresy (ad_id, ad_kraj, ad_wojewodztwo, ad_miasto, ad_ulica, ad_nr_domu, ad_kod_pocztowy) VALUES (003, 'Polska', 'Malopolskie', 'Krakow', 'Pilsudskiego', '512', '28-500');
INSERT INTO adresy (ad_id, ad_kraj, ad_wojewodztwo, ad_miasto, ad_ulica, ad_nr_domu, ad_kod_pocztowy) VALUES (004, 'Polska', 'Swietokrzyskie', 'Kielce', 'Kozackiego', '162', '25-008');
INSERT INTO adresy (ad_id, ad_kraj, ad_wojewodztwo, ad_miasto, ad_ulica, ad_nr_domu, ad_kod_pocztowy) VALUES (005, 'Polska', 'Swietokrzyskie', 'Starachowice', 'Polna' ,'242', '23-243');
INSERT INTO adresy (ad_id, ad_kraj, ad_wojewodztwo, ad_miasto, ad_ulica, ad_nr_domu, ad_kod_pocztowy) VALUES (006, 'Polska', 'Swietokrzyskie', 'Pinczow', 'Kwiatowa', '423', '15-243');
INSERT INTO adresy (ad_id, ad_kraj, ad_wojewodztwo, ad_miasto, ad_ulica, ad_nr_domu, ad_kod_pocztowy) VALUES (007, 'Polska', 'Swietokrzyskie', 'Pinczow' ,'Koscielna', '132', '15-243');
INSERT INTO adresy (ad_id, ad_kraj, ad_wojewodztwo, ad_miasto, ad_ulica, ad_nr_domu, ad_kod_pocztowy) VALUES (008, 'Polska', 'Malopolskie', 'Krakow', 'Zielona', '153', '28-500');
INSERT INTO adresy (ad_id, ad_kraj, ad_wojewodztwo, ad_miasto, ad_ulica, ad_nr_domu, ad_kod_pocztowy) VALUES (009, 'Polska', 'Swietokrzyskie', 'Kielce', 'Szkolna', '162', '25-008');
INSERT INTO adresy (ad_id, ad_kraj, ad_wojewodztwo, ad_miasto, ad_ulica, ad_nr_domu, ad_kod_pocztowy) VALUES (010, 'Polska', 'Malopolskie', 'Krakow' ,'Lipowa', '168', '28-500');
INSERT INTO adresy (ad_id, ad_kraj, ad_wojewodztwo, ad_miasto, ad_ulica, ad_nr_domu, ad_kod_pocztowy) VALUES (011, 'Polska', 'Swietokrzyskie', 'Kielce', 'Sosnowa', '623', '25-004');
INSERT INTO adresy (ad_id, ad_kraj, ad_wojewodztwo, ad_miasto, ad_ulica, ad_nr_domu, ad_kod_pocztowy) VALUES (012, 'Polska', 'Malopolskie', 'Krakow', 'Parkowa', '241', '28-500');
INSERT INTO adresy (ad_id, ad_kraj, ad_wojewodztwo, ad_miasto, ad_ulica, ad_nr_domu, ad_kod_pocztowy) VALUES (013, 'Polska', 'Swietokrzyskie', 'Starachowice', 'Kolejowa', '343', '25-004');
INSERT INTO adresy (ad_id, ad_kraj, ad_wojewodztwo, ad_miasto, ad_ulica, ad_nr_domu, ad_kod_pocztowy) VALUES (014, 'Polska', 'Swietokrzyskie', 'Starachowice', 'Kolejowa', '352', '25-004');
INSERT INTO adresy (ad_id, ad_kraj, ad_wojewodztwo, ad_miasto, ad_ulica, ad_nr_domu, ad_kod_pocztowy) VALUES (015, 'Polska', 'Malopolskie', 'Krakow', 'Akacjowa', '391', '28-500');

INSERT INTO produkcja_pojazdow (pp_id, pp_kraj_produkcji, pp_data_produkcji, pp_data_pierwszej_rejestracji, pp_data_rejestracji_w_kraju, pp_ilosc_wlascicieli) VALUES (001, 'Japonia', TO_DATE('2009/05/19','yyyy/mm/dd'), TO_DATE('2009/07/24','yyyy/mm/dd'),TO_DATE('2012/03/21','yyyy/mm/dd'),3);
INSERT INTO produkcja_pojazdow (pp_id, pp_kraj_produkcji, pp_data_produkcji, pp_data_pierwszej_rejestracji, pp_data_rejestracji_w_kraju, pp_ilosc_wlascicieli) VALUES (002, 'Niemcy', TO_DATE('2008/12/11','yyyy/mm/dd'), TO_DATE('2009/01/23','yyyy/mm/dd'),TO_DATE('2012/05/23','yyyy/mm/dd'),2);
INSERT INTO produkcja_pojazdow (pp_id, pp_kraj_produkcji, pp_data_produkcji, pp_data_pierwszej_rejestracji, pp_data_rejestracji_w_kraju, pp_ilosc_wlascicieli) VALUES (003, 'Niemcy', TO_DATE('2012/01/13','yyyy/mm/dd'), TO_DATE('2012/02/18','yyyy/mm/dd'),TO_DATE('2015/11/11','yyyy/mm/dd'),1);
INSERT INTO produkcja_pojazdow (pp_id, pp_kraj_produkcji, pp_data_produkcji, pp_data_pierwszej_rejestracji, pp_data_rejestracji_w_kraju, pp_ilosc_wlascicieli) VALUES (004, 'Francja', TO_DATE('2005/03/03','yyyy/mm/dd'), TO_DATE('2005/04/12','yyyy/mm/dd'),TO_DATE('2009/12/11','yyyy/mm/dd'),5);
INSERT INTO produkcja_pojazdow (pp_id, pp_kraj_produkcji, pp_data_produkcji, pp_data_pierwszej_rejestracji, pp_data_rejestracji_w_kraju, pp_ilosc_wlascicieli) VALUES (005, 'Japonia', TO_DATE('2016/05/04','yyyy/mm/dd'), TO_DATE('2016/07/02','yyyy/mm/dd'),TO_DATE('2019/09/05','yyyy/mm/dd'),1);
INSERT INTO produkcja_pojazdow (pp_id, pp_kraj_produkcji, pp_data_produkcji, pp_data_pierwszej_rejestracji, pp_data_rejestracji_w_kraju, pp_ilosc_wlascicieli) VALUES (006, 'Wlochy', TO_DATE('2003/11/13','yyyy/mm/dd'), TO_DATE('2003/11/04','yyyy/mm/dd'),TO_DATE('2009/02/15','yyyy/mm/dd'),5);
INSERT INTO produkcja_pojazdow (pp_id, pp_kraj_produkcji, pp_data_produkcji, pp_data_pierwszej_rejestracji, pp_data_rejestracji_w_kraju, pp_ilosc_wlascicieli) VALUES (007, 'Niemcy', TO_DATE('1999/03/30','yyyy/mm/dd'), TO_DATE('1999/05/29','yyyy/mm/dd'),TO_DATE('2008/09/12','yyyy/mm/dd'),7);
INSERT INTO produkcja_pojazdow (pp_id, pp_kraj_produkcji, pp_data_produkcji, pp_data_pierwszej_rejestracji, pp_data_rejestracji_w_kraju, pp_ilosc_wlascicieli) VALUES (008, 'Francja', TO_DATE('2001/03/14','yyyy/mm/dd'), TO_DATE('2002/05/13','yyyy/mm/dd'),TO_DATE('2006/11/14','yyyy/mm/dd'),3);
INSERT INTO produkcja_pojazdow (pp_id, pp_kraj_produkcji, pp_data_produkcji, pp_data_pierwszej_rejestracji, pp_data_rejestracji_w_kraju, pp_ilosc_wlascicieli) VALUES (009, 'Polska', TO_DATE('1995/05/12','yyyy/mm/dd'), TO_DATE('1995/07/23','yyyy/mm/dd'),TO_DATE('1999/08/13','yyyy/mm/dd'),9);
INSERT INTO produkcja_pojazdow (pp_id, pp_kraj_produkcji, pp_data_produkcji, pp_data_pierwszej_rejestracji, pp_data_rejestracji_w_kraju, pp_ilosc_wlascicieli) VALUES (010, 'Niemcy', TO_DATE('2019/11/23','yyyy/mm/dd'), TO_DATE('2020/01/03','yyyy/mm/dd'),TO_DATE('2021/09/03','yyyy/mm/dd'),2);
INSERT INTO produkcja_pojazdow (pp_id, pp_kraj_produkcji, pp_data_produkcji, pp_data_pierwszej_rejestracji, pp_data_rejestracji_w_kraju, pp_ilosc_wlascicieli) VALUES (011, 'USA', TO_DATE('2013/09/04','yyyy/mm/dd'), TO_DATE('2013/10/13','yyyy/mm/dd'),TO_DATE('2015/11/03','yyyy/mm/dd'),4);
INSERT INTO produkcja_pojazdow (pp_id, pp_kraj_produkcji, pp_data_produkcji, pp_data_pierwszej_rejestracji, pp_data_rejestracji_w_kraju, pp_ilosc_wlascicieli) VALUES (012, 'USA', TO_DATE('2015/04/13','yyyy/mm/dd'), TO_DATE('2015/05/24','yyyy/mm/dd'),TO_DATE('2019/05/13','yyyy/mm/dd'),3);
INSERT INTO produkcja_pojazdow (pp_id, pp_kraj_produkcji, pp_data_produkcji, pp_data_pierwszej_rejestracji, pp_data_rejestracji_w_kraju, pp_ilosc_wlascicieli) VALUES (013, 'USA', TO_DATE('2003/09/09','yyyy/mm/dd'), TO_DATE('2003/12/23','yyyy/mm/dd'),TO_DATE('2009/02/13','yyyy/mm/dd'),3);
INSERT INTO produkcja_pojazdow (pp_id, pp_kraj_produkcji, pp_data_produkcji, pp_data_pierwszej_rejestracji, pp_data_rejestracji_w_kraju, pp_ilosc_wlascicieli) VALUES (014, 'Hiszpanie', TO_DATE('2009/05/11','yyyy/mm/dd'), TO_DATE('2010/01/09','yyyy/mm/dd'),TO_DATE('2012/05/19','yyyy/mm/dd'),2);
INSERT INTO produkcja_pojazdow (pp_id, pp_kraj_produkcji, pp_data_produkcji, pp_data_pierwszej_rejestracji, pp_data_rejestracji_w_kraju, pp_ilosc_wlascicieli) VALUES (015, 'Hiszpania', TO_DATE('2012/12/03','yyyy/mm/dd'), TO_DATE('2012/12/29','yyyy/mm/dd'),TO_DATE('2015/11/13','yyyy/mm/dd'),3);

INSERT INTO placowki (pl_id, pl_telefon, pl_fax, pl_godzina_otwarcia, pl_godzina_zamkniecia, ad_id) VALUES (001, '525362425', '426362172314', '09:00', '20:00', 001);
INSERT INTO placowki (pl_id, pl_telefon, pl_fax, pl_godzina_otwarcia, pl_godzina_zamkniecia, ad_id) VALUES (002, '738262342', '172373264132', '09:00', '20:00', 002);
INSERT INTO placowki (pl_id, pl_telefon, pl_fax, pl_godzina_otwarcia, pl_godzina_zamkniecia, ad_id) VALUES (003, '527424523', '183729528416', '09:00', '20:00', 003);
INSERT INTO placowki (pl_id, pl_telefon, pl_fax, pl_godzina_otwarcia, pl_godzina_zamkniecia, ad_id) VALUES (004, '472341532', '103920012312', '09:00', '20:00', 004);
INSERT INTO placowki (pl_id, pl_telefon, pl_fax, pl_godzina_otwarcia, pl_godzina_zamkniecia, ad_id) VALUES (005, '013024023', '015230140231', '09:00', '20:00', 005);
INSERT INTO placowki (pl_id, pl_telefon, pl_fax, pl_godzina_otwarcia, pl_godzina_zamkniecia, ad_id) VALUES (006, '613623413', '093294199132', '09:00', '20:00', 006);
INSERT INTO placowki (pl_id, pl_telefon, pl_fax, pl_godzina_otwarcia, pl_godzina_zamkniecia, ad_id) VALUES (007, '091224123', '523468320012', '09:00', '20:00', 007);
INSERT INTO placowki (pl_id, pl_telefon, pl_fax, pl_godzina_otwarcia, pl_godzina_zamkniecia, ad_id) VALUES (008, '845630243', '243676800935', '09:00', '20:00', 008);
INSERT INTO placowki (pl_id, pl_telefon, pl_fax, pl_godzina_otwarcia, pl_godzina_zamkniecia, ad_id) VALUES (009, '234978123', '098867534312', '09:00', '20:00', 009);
INSERT INTO placowki (pl_id, pl_telefon, pl_fax, pl_godzina_otwarcia, pl_godzina_zamkniecia, ad_id) VALUES (010, '012652334', '053420981233', '09:00', '20:00', 010);
INSERT INTO placowki (pl_id, pl_telefon, pl_fax, pl_godzina_otwarcia, pl_godzina_zamkniecia, ad_id) VALUES (011, '854641234', '865412343252', '09:00', '20:00', 011);
INSERT INTO placowki (pl_id, pl_telefon, pl_fax, pl_godzina_otwarcia, pl_godzina_zamkniecia, ad_id) VALUES (012, '710231632', '123465410067', '09:00', '20:00', 012);
INSERT INTO placowki (pl_id, pl_telefon, pl_fax, pl_godzina_otwarcia, pl_godzina_zamkniecia, ad_id) VALUES (013, '182530142', '736091724234', '09:00', '20:00', 013);
INSERT INTO placowki (pl_id, pl_telefon, pl_fax, pl_godzina_otwarcia, pl_godzina_zamkniecia, ad_id) VALUES (014, '174523443', '123543564578', '09:00', '20:00', 014);
INSERT INTO placowki (pl_id, pl_telefon, pl_fax, pl_godzina_otwarcia, pl_godzina_zamkniecia, ad_id) VALUES (015, '423432613', '534512376546', '09:00', '20:00', 015);

INSERT INTO stanowiska (st_id, st_nazwa, st_opis, st_premia, st_data_uzyskania) VALUES (001, 'Kierownik', 'cos', 900, TO_DATE('2021/12/19','yyyy/mm/dd'));
INSERT INTO stanowiska (st_id, st_nazwa, st_opis, st_premia, st_data_uzyskania) VALUES (002, 'Mechanik', 'ra', 500, TO_DATE('2020/04/11','yyyy/mm/dd'));
INSERT INTO stanowiska (st_id, st_nazwa, st_opis, st_premia, st_data_uzyskania) VALUES (003, 'Mechanik', 'd', 450, TO_DATE('2019/11/04','yyyy/mm/dd'));
INSERT INTO stanowiska (st_id, st_nazwa, st_opis, st_premia, st_data_uzyskania) VALUES (004, 'Mechanik', 'a', 640, TO_DATE('2019/09/23','yyyy/mm/dd'));
INSERT INTO stanowiska (st_id, st_nazwa, st_opis, st_premia, st_data_uzyskania) VALUES (005, 'Mechanik', 'hg', 640, TO_DATE('2021/01/03','yyyy/mm/dd'));
INSERT INTO stanowiska (st_id, st_nazwa, st_opis, st_premia, st_data_uzyskania) VALUES (006, 'Prezes', 'j', 1500, TO_DATE('2015/11/14','yyyy/mm/dd'));
INSERT INTO stanowiska (st_id, st_nazwa, st_opis, st_premia, st_data_uzyskania) VALUES (007, 'Kierownik', 'x', 1000, TO_DATE('2020/10/05','yyyy/mm/dd'));
INSERT INTO stanowiska (st_id, st_nazwa, st_opis, st_premia, st_data_uzyskania) VALUES (008, 'Sprzedawca', 'a', 750, TO_DATE('2019/02/23','yyyy/mm/dd'));
INSERT INTO stanowiska (st_id, st_nazwa, st_opis, st_premia, st_data_uzyskania) VALUES (009, 'Sprzedawca', 'gs', 650, TO_DATE('2018/04/03','yyyy/mm/dd'));
INSERT INTO stanowiska (st_id, st_nazwa, st_opis, st_premia, st_data_uzyskania) VALUES (010, 'Mechanik', 'gdf', 800, TO_DATE('2020/11/12','yyyy/mm/dd'));
INSERT INTO stanowiska (st_id, st_nazwa, st_opis, st_premia, st_data_uzyskania) VALUES (011, 'Sekretarz', 'df', 550, TO_DATE('2021/11/19','yyyy/mm/dd'));
INSERT INTO stanowiska (st_id, st_nazwa, st_opis, st_premia, st_data_uzyskania) VALUES (012, 'Sekretarz', 'zv', 600, TO_DATE('2020/09/06','yyyy/mm/dd'));
INSERT INTO stanowiska (st_id, st_nazwa, st_opis, st_premia, st_data_uzyskania) VALUES (013, 'Sekretarz', 'b', 600, TO_DATE('2020/08/14','yyyy/mm/dd'));
INSERT INTO stanowiska (st_id, st_nazwa, st_opis, st_premia, st_data_uzyskania) VALUES (014, 'Kierownik', 'vcx', 1200, TO_DATE('2018/06/15','yyyy/mm/dd'));
INSERT INTO stanowiska (st_id, st_nazwa, st_opis, st_premia, st_data_uzyskania) VALUES (015, 'Mechanik', 'nd', 600, TO_DATE('2017/07/30','yyyy/mm/dd'));

INSERT INTO dane_pojazdow (dp_id, dp_paliwo, dp_przebieg, dp_pojemnosc, dp_moc_km, dp_moc_kw, dp_masa_wlasna, dp_skrzynia_biegow) VALUES (001,'Benzyna',200900,'2.0',150,129,1654300,'manualna');
INSERT INTO dane_pojazdow (dp_id, dp_paliwo, dp_przebieg, dp_pojemnosc, dp_moc_km, dp_moc_kw, dp_masa_wlasna, dp_skrzynia_biegow) VALUES (002,'Diesel',150500,'1.6',98,60,1300000,'manualna');
INSERT INTO dane_pojazdow (dp_id, dp_paliwo, dp_przebieg, dp_pojemnosc, dp_moc_km, dp_moc_kw, dp_masa_wlasna, dp_skrzynia_biegow) VALUES (003,'Benzyna',180490,'1.8',180,150,2100000,'automatyczna');
INSERT INTO dane_pojazdow (dp_id, dp_paliwo, dp_przebieg, dp_pojemnosc, dp_moc_km, dp_moc_kw, dp_masa_wlasna, dp_skrzynia_biegow) VALUES (004,'Diesel',250420,'1.0',101,70,1800000,'manualna');
INSERT INTO dane_pojazdow (dp_id, dp_paliwo, dp_przebieg, dp_pojemnosc, dp_moc_km, dp_moc_kw, dp_masa_wlasna, dp_skrzynia_biegow) VALUES (005,'Benzyna',56000,'2.5',260,225,1760000,'automatyczna');
INSERT INTO dane_pojazdow (dp_id, dp_paliwo, dp_przebieg, dp_pojemnosc, dp_moc_km, dp_moc_kw, dp_masa_wlasna, dp_skrzynia_biegow) VALUES (006,'Benzyna',170800,'1.6',95,66,1500000,'manualna');
INSERT INTO dane_pojazdow (dp_id, dp_paliwo, dp_przebieg, dp_pojemnosc, dp_moc_km, dp_moc_kw, dp_masa_wlasna, dp_skrzynia_biegow) VALUES (007,'Benzyna',280800,'1.0',82,55,1320000,'manualna');
INSERT INTO dane_pojazdow (dp_id, dp_paliwo, dp_przebieg, dp_pojemnosc, dp_moc_km, dp_moc_kw, dp_masa_wlasna, dp_skrzynia_biegow) VALUES (008,'Diesel',290500,'1.6',101,73,1890000,'manualna');
INSERT INTO dane_pojazdow (dp_id, dp_paliwo, dp_przebieg, dp_pojemnosc, dp_moc_km, dp_moc_kw, dp_masa_wlasna, dp_skrzynia_biegow) VALUES (009,'Diesel',320300,'1.0',66,38,1430000,'manualna');
INSERT INTO dane_pojazdow (dp_id, dp_paliwo, dp_przebieg, dp_pojemnosc, dp_moc_km, dp_moc_kw, dp_masa_wlasna, dp_skrzynia_biegow) VALUES (010,'Diesel',40000,'3.0',360,328,2500000,'automatyczna');
INSERT INTO dane_pojazdow (dp_id, dp_paliwo, dp_przebieg, dp_pojemnosc, dp_moc_km, dp_moc_kw, dp_masa_wlasna, dp_skrzynia_biegow) VALUES (011,'Diesel',170400,'1.8',285,255,1670000,'automatyczna');
INSERT INTO dane_pojazdow (dp_id, dp_paliwo, dp_przebieg, dp_pojemnosc, dp_moc_km, dp_moc_kw, dp_masa_wlasna, dp_skrzynia_biegow) VALUES (012,'Benzyna',120400,'3.5',325,290,1890000,'automatyczna');
INSERT INTO dane_pojazdow (dp_id, dp_paliwo, dp_przebieg, dp_pojemnosc, dp_moc_km, dp_moc_kw, dp_masa_wlasna, dp_skrzynia_biegow) VALUES (013,'Diesel',190900,'1.2',180,152,1200000,'manualna');
INSERT INTO dane_pojazdow (dp_id, dp_paliwo, dp_przebieg, dp_pojemnosc, dp_moc_km, dp_moc_kw, dp_masa_wlasna, dp_skrzynia_biegow) VALUES (014,'Benzyna',150390,'2.0',148,120,1340000,'automatyczna');
INSERT INTO dane_pojazdow (dp_id, dp_paliwo, dp_przebieg, dp_pojemnosc, dp_moc_km, dp_moc_kw, dp_masa_wlasna, dp_skrzynia_biegow) VALUES (015,'Diesel',160600,'2.0',190,161,1540000,'automatyczna');

INSERT INTO stany_pojazdow (sp_id, sp_silnik, sp_hamulce, sp_amortyzatory, sp_zawieszenie, sp_zarowki, sp_lampy) VALUES (001, 'SPRAWNE', 'SPRAWNE', 'SPRAWNE', 'SPRAWNE', 'SPRAWNE', 'SPRAWNE');
INSERT INTO stany_pojazdow (sp_id, sp_silnik, sp_hamulce, sp_amortyzatory, sp_zawieszenie, sp_zarowki, sp_lampy) VALUES (002, 'SPRAWNE', 'SPRAWNE', 'SPRAWNE', 'NIESPRAWNE', 'NIESPRAWNE', 'SPRAWNE');
INSERT INTO stany_pojazdow (sp_id, sp_silnik, sp_hamulce, sp_amortyzatory, sp_zawieszenie, sp_zarowki, sp_lampy) VALUES (003, 'SPRAWNE', 'SPRAWNE', 'NIESPRAWNE', 'SPRAWNE', 'NIESPRAWNE', 'SPRAWNE');
INSERT INTO stany_pojazdow (sp_id, sp_silnik, sp_hamulce, sp_amortyzatory, sp_zawieszenie, sp_zarowki, sp_lampy) VALUES (004, 'SPRAWNE', 'SPRAWNE', 'SPRAWNE', 'SPRAWNE', 'SPRAWNE', 'SPRAWNE');
INSERT INTO stany_pojazdow (sp_id, sp_silnik, sp_hamulce, sp_amortyzatory, sp_zawieszenie, sp_zarowki, sp_lampy) VALUES (005, 'SPRAWNE', 'SPRAWNE', 'SPRAWNE', 'SPRAWNE', 'SPRAWNE', 'SPRAWNE');
INSERT INTO stany_pojazdow (sp_id, sp_silnik, sp_hamulce, sp_amortyzatory, sp_zawieszenie, sp_zarowki, sp_lampy) VALUES (006, 'NIESPRAWNE', 'NIESPRAWNE', 'SPRAWNE', 'SPRAWNE', 'NIESPRAWNE', 'SPRAWNE');
INSERT INTO stany_pojazdow (sp_id, sp_silnik, sp_hamulce, sp_amortyzatory, sp_zawieszenie, sp_zarowki, sp_lampy) VALUES (007, 'SPRAWNE', 'SPRAWNE', 'SPRAWNE', 'SPRAWNE', 'SPRAWNE', 'SPRAWNE');
INSERT INTO stany_pojazdow (sp_id, sp_silnik, sp_hamulce, sp_amortyzatory, sp_zawieszenie, sp_zarowki, sp_lampy) VALUES (008, 'SPRAWNE', 'SPRAWNE', 'SPRAWNE', 'SPRAWNE', 'SPRAWNE', 'SPRAWNE');
INSERT INTO stany_pojazdow (sp_id, sp_silnik, sp_hamulce, sp_amortyzatory, sp_zawieszenie, sp_zarowki, sp_lampy) VALUES (009, 'SPRAWNE', 'SPRAWNE', 'SPRAWNE', 'SPRAWNE', 'NIESPRAWNE', 'NIESPRAWNE');
INSERT INTO stany_pojazdow (sp_id, sp_silnik, sp_hamulce, sp_amortyzatory, sp_zawieszenie, sp_zarowki, sp_lampy) VALUES (010, 'SPRAWNE', 'SPRAWNE', 'NIESPRAWNE', 'SPRAWNE', 'SPRAWNE', 'SPRAWNE');
INSERT INTO stany_pojazdow (sp_id, sp_silnik, sp_hamulce, sp_amortyzatory, sp_zawieszenie, sp_zarowki, sp_lampy) VALUES (011, 'NIESPRAWNE', 'SPRAWNE', 'NIESPRAWNE', 'SPRAWNE', 'NIESPRAWNE', 'SPRAWNE');
INSERT INTO stany_pojazdow (sp_id, sp_silnik, sp_hamulce, sp_amortyzatory, sp_zawieszenie, sp_zarowki, sp_lampy) VALUES (012, 'SPRAWNE', 'SPRAWNE', 'SPRAWNE', 'SPRAWNE', 'SPRAWNE', 'SPRAWNE');
INSERT INTO stany_pojazdow (sp_id, sp_silnik, sp_hamulce, sp_amortyzatory, sp_zawieszenie, sp_zarowki, sp_lampy) VALUES (013, 'SPRAWNE', 'NIESPRAWNE', 'SPRAWNE', 'SPRAWNE', 'SPRAWNE', 'SPRAWNE');
INSERT INTO stany_pojazdow (sp_id, sp_silnik, sp_hamulce, sp_amortyzatory, sp_zawieszenie, sp_zarowki, sp_lampy) VALUES (014, 'SPRAWNE', 'SPRAWNE', 'SPRAWNE', 'SPRAWNE', 'SPRAWNE', 'SPRAWNE');
INSERT INTO stany_pojazdow (sp_id, sp_silnik, sp_hamulce, sp_amortyzatory, sp_zawieszenie, sp_zarowki, sp_lampy) VALUES (015, 'SPRAWNE', 'SPRAWNE', 'SPRAWNE', 'SPRAWNE', 'SPRAWNE', 'SPRAWNE');

INSERT INTO informacje_osobowe (if_id, if_imie, if_nazwisko, if_plec, if_data_urodzenia, if_pesel, if_telefon, ad_id) VALUES (001, 'Janusz', 'Kowalski', 'Mezczyzna', TO_DATE('2001/12/15','yyyy/mm/dd'), '91239432612', '194231512', 001);
INSERT INTO informacje_osobowe (if_id, if_imie, if_nazwisko, if_plec, if_data_urodzenia, if_pesel, if_telefon, ad_id) VALUES (002, 'Malgorzata', 'Wlodarczyk', 'Kobieta', TO_DATE('1986/04/12','yyyy/mm/dd'), '15324512421', '031532351', 002);
INSERT INTO informacje_osobowe (if_id, if_imie, if_nazwisko, if_plec, if_data_urodzenia, if_pesel, if_telefon, ad_id) VALUES (003, 'Ida', 'Czerwinska', 'Kobieta', TO_DATE('1974/11/11','yyyy/mm/dd'), '63417851231', '734164143', 003);
INSERT INTO informacje_osobowe (if_id, if_imie, if_nazwisko, if_plec, if_data_urodzenia, if_pesel, if_telefon, ad_id) VALUES (004, 'Edward', 'Malinowski', 'Mezczyzna', TO_DATE('1981/01/30','yyyy/mm/dd'), '16352710534', '158324153', 004);
INSERT INTO informacje_osobowe (if_id, if_imie, if_nazwisko, if_plec, if_data_urodzenia, if_pesel, if_telefon, ad_id) VALUES (005, 'Juliusz', 'Czarnecki', 'Mezczyzna', TO_DATE('1954/06/23','yyyy/mm/dd'), '10425194231', '092512093', 005);
INSERT INTO informacje_osobowe (if_id, if_imie, if_nazwisko, if_plec, if_data_urodzenia, if_pesel, if_telefon, ad_id) VALUES (006, 'Konrad', 'Krupa', 'Mezczyzna', TO_DATE('1999/09/09','yyyy/mm/dd'), '17351251231', '523762143', 006);
INSERT INTO informacje_osobowe (if_id, if_imie, if_nazwisko, if_plec, if_data_urodzenia, if_pesel, if_telefon, ad_id) VALUES (007, 'Ignacy', 'Czerwinski', 'Mezczyzna', TO_DATE('1987/10/03','yyyy/mm/dd'), '62384512343', '523875123', 007);
INSERT INTO informacje_osobowe (if_id, if_imie, if_nazwisko, if_plec, if_data_urodzenia, if_pesel, if_telefon, ad_id) VALUES (008, 'Izabela', 'Walczak', 'Kobieta', TO_DATE('1979/02/12','yyyy/mm/dd'), '98512376534', '123683206', 008);
INSERT INTO informacje_osobowe (if_id, if_imie, if_nazwisko, if_plec, if_data_urodzenia, if_pesel, if_telefon, ad_id) VALUES (009, 'Czesława', 'Lis', 'Kobieta', TO_DATE('1996/01/11','yyyy/mm/dd'), '9065712354', '745612389', 009);
INSERT INTO informacje_osobowe (if_id, if_imie, if_nazwisko, if_plec, if_data_urodzenia, if_pesel, if_telefon, ad_id) VALUES (010, 'Natasza', 'Piotrowska', 'Kobieta', TO_DATE('1994/12/30','yyyy/mm/dd'), '87658123567', '534123978', 010);
INSERT INTO informacje_osobowe (if_id, if_imie, if_nazwisko, if_plec, if_data_urodzenia, if_pesel, if_telefon, ad_id) VALUES (011, 'Dominik', 'Sobczak', 'Mezczyzna', TO_DATE('1991/03/12','yyyy/mm/dd'), '81827208243', '634123867', 011);
INSERT INTO informacje_osobowe (if_id, if_imie, if_nazwisko, if_plec, if_data_urodzenia, if_pesel, if_telefon, ad_id) VALUES (012, 'Ludwik', 'Pietrzak', 'Mezczyzna', TO_DATE('1971/02/28','yyyy/mm/dd'), '98761224261', '543128251', 012);
INSERT INTO informacje_osobowe (if_id, if_imie, if_nazwisko, if_plec, if_data_urodzenia, if_pesel, if_telefon, ad_id) VALUES (013, 'Ireneusz', 'Glowacka', 'Mezczyzna', TO_DATE('1996/07/08','yyyy/mm/dd'), '90123827122', '525412512', 013);
INSERT INTO informacje_osobowe (if_id, if_imie, if_nazwisko, if_plec, if_data_urodzenia, if_pesel, if_telefon, ad_id) VALUES (014, 'Alek', 'Wroblewski', 'Mezczyzna', TO_DATE('1990/05/29','yyyy/mm/dd'), '87412378222', '723421123', 014);
INSERT INTO informacje_osobowe (if_id, if_imie, if_nazwisko, if_plec, if_data_urodzenia, if_pesel, if_telefon, ad_id) VALUES (015, 'Stefania', 'Pawlak', 'Kobieta', TO_DATE('1986/05/19','yyyy/mm/dd'), '74562888435', '432444127', 015);

INSERT INTO wlasciciele (w_id, w_data_prawa_jazdy, w_waznosc_prawa_jazdy, w_ilosc_samochodow, w_procent_znizek_oc, if_id) VALUES (001, TO_DATE('2002/04/29','yyyy/mm/dd'), TO_DATE('2026/05/19','yyyy/mm/dd'),2,30,001);
INSERT INTO wlasciciele (w_id, w_data_prawa_jazdy, w_waznosc_prawa_jazdy, w_ilosc_samochodow, w_procent_znizek_oc, if_id) VALUES (002, TO_DATE('2001/05/21','yyyy/mm/dd'), TO_DATE('2026/03/11','yyyy/mm/dd'),3,25,002);
INSERT INTO wlasciciele (w_id, w_data_prawa_jazdy, w_waznosc_prawa_jazdy, w_ilosc_samochodow, w_procent_znizek_oc, if_id) VALUES (003, TO_DATE('1999/08/19','yyyy/mm/dd'), TO_DATE('2021/11/13','yyyy/mm/dd'),1,30,003);
INSERT INTO wlasciciele (w_id, w_data_prawa_jazdy, w_waznosc_prawa_jazdy, w_ilosc_samochodow, w_procent_znizek_oc, if_id) VALUES (004, TO_DATE('1980/03/13','yyyy/mm/dd'), TO_DATE('2030/02/01','yyyy/mm/dd'),1,35,004);
INSERT INTO wlasciciele (w_id, w_data_prawa_jazdy, w_waznosc_prawa_jazdy, w_ilosc_samochodow, w_procent_znizek_oc, if_id) VALUES (005, TO_DATE('1989/03/06','yyyy/mm/dd'), TO_DATE('2029/11/09','yyyy/mm/dd'),1,25,005);
INSERT INTO wlasciciele (w_id, w_data_prawa_jazdy, w_waznosc_prawa_jazdy, w_ilosc_samochodow, w_procent_znizek_oc, if_id) VALUES (006, TO_DATE('1995/11/23','yyyy/mm/dd'), TO_DATE('2035/05/19','yyyy/mm/dd'),2,15,006);
INSERT INTO wlasciciele (w_id, w_data_prawa_jazdy, w_waznosc_prawa_jazdy, w_ilosc_samochodow, w_procent_znizek_oc, if_id) VALUES (007, TO_DATE('2002/03/29','yyyy/mm/dd'), TO_DATE('2028/10/13','yyyy/mm/dd'),3,0,007);
INSERT INTO wlasciciele (w_id, w_data_prawa_jazdy, w_waznosc_prawa_jazdy, w_ilosc_samochodow, w_procent_znizek_oc, if_id) VALUES (008, TO_DATE('2001/02/23','yyyy/mm/dd'), TO_DATE('2026/01/30','yyyy/mm/dd'),1,5,008);
INSERT INTO wlasciciele (w_id, w_data_prawa_jazdy, w_waznosc_prawa_jazdy, w_ilosc_samochodow, w_procent_znizek_oc, if_id) VALUES (009, TO_DATE('1996/03/19','yyyy/mm/dd'), TO_DATE('2026/05/29','yyyy/mm/dd'),2,10,009);
INSERT INTO wlasciciele (w_id, w_data_prawa_jazdy, w_waznosc_prawa_jazdy, w_ilosc_samochodow, w_procent_znizek_oc, if_id) VALUES (010, TO_DATE('2001/12/23','yyyy/mm/dd'), TO_DATE('2023/12/11','yyyy/mm/dd'),3,5,010);
INSERT INTO wlasciciele (w_id, w_data_prawa_jazdy, w_waznosc_prawa_jazdy, w_ilosc_samochodow, w_procent_znizek_oc, if_id) VALUES (011, TO_DATE('1992/04/13','yyyy/mm/dd'), TO_DATE('2022/05/29','yyyy/mm/dd'),1,15,011);
INSERT INTO wlasciciele (w_id, w_data_prawa_jazdy, w_waznosc_prawa_jazdy, w_ilosc_samochodow, w_procent_znizek_oc, if_id) VALUES (012, TO_DATE('2001/11/09','yyyy/mm/dd'), TO_DATE('2023/04/14','yyyy/mm/dd'),2,25,012);
INSERT INTO wlasciciele (w_id, w_data_prawa_jazdy, w_waznosc_prawa_jazdy, w_ilosc_samochodow, w_procent_znizek_oc, if_id) VALUES (013, TO_DATE('1993/11/13','yyyy/mm/dd'), TO_DATE('2032/05/03','yyyy/mm/dd'),3,35,013);
INSERT INTO wlasciciele (w_id, w_data_prawa_jazdy, w_waznosc_prawa_jazdy, w_ilosc_samochodow, w_procent_znizek_oc, if_id) VALUES (014, TO_DATE('1994/07/29','yyyy/mm/dd'), TO_DATE('2031/09/09','yyyy/mm/dd'),2,0,014);
INSERT INTO wlasciciele (w_id, w_data_prawa_jazdy, w_waznosc_prawa_jazdy, w_ilosc_samochodow, w_procent_znizek_oc, if_id) VALUES (015, TO_DATE('1993/03/13','yyyy/mm/dd'), TO_DATE('2028/09/03','yyyy/mm/dd'),1,30,015);

INSERT INTO samochody (s_id, s_typ, s_numer_rejestracyjny, s_marka, s_model, s_generacja, w_id, pp_id, dp_id, sp_id) VALUES (001, 'Sedan', 'TKI0270', 'Opel', 'Vectra', 'A',001,001,001,001);
INSERT INTO samochody (s_id, s_typ, s_numer_rejestracyjny, s_marka, s_model, s_generacja, w_id, pp_id, dp_id, sp_id) VALUES (002, 'Hatchbag', 'TKA70US', 'Mazda', '6', 'II',002,002,002,002);
INSERT INTO samochody (s_id, s_typ, s_numer_rejestracyjny, s_marka, s_model, s_generacja, w_id, pp_id, dp_id, sp_id) VALUES (003, 'Hatchbag', 'TKI23AB', 'Volkswagen', 'Polo', 'IV',003,003,003,003);
INSERT INTO samochody (s_id, s_typ, s_numer_rejestracyjny, s_marka, s_model, s_generacja, w_id, pp_id, dp_id, sp_id) VALUES (004, 'Kombi', 'TKI16CX', 'Audi', 'A6', 'C7',004,004,004,004);
INSERT INTO samochody (s_id, s_typ, s_numer_rejestracyjny, s_marka, s_model, s_generacja, w_id, pp_id, dp_id, sp_id) VALUES (005, 'Kombi', 'TKI19BC', 'BMW', 'Seria5','7',005,005,005,005);
INSERT INTO samochody (s_id, s_typ, s_numer_rejestracyjny, s_marka, s_model, s_generacja, w_id, pp_id, dp_id, sp_id) VALUES (006, 'Sedan', 'TKI98BZ', 'Seat', 'Ibiza', 'IV',006,006,006,006);
INSERT INTO samochody (s_id, s_typ, s_numer_rejestracyjny, s_marka, s_model, s_generacja, w_id, pp_id, dp_id, sp_id) VALUES (007, 'Sedan', 'TKI9B4A', 'Mercedes', 'klasaA', 'W177',007,007,007,007);
INSERT INTO samochody (s_id, s_typ, s_numer_rejestracyjny, s_marka, s_model, s_generacja, w_id, pp_id, dp_id, sp_id) VALUES (008, 'SUV', 'TKIXA03', 'Peugeot', '2008', 'I',008,008,008,008);
INSERT INTO samochody (s_id, s_typ, s_numer_rejestracyjny, s_marka, s_model, s_generacja, w_id, pp_id, dp_id, sp_id) VALUES (009, 'Sedan', 'TKIDA01', 'Seat', 'Leon', 'II',009,009,009,009);
INSERT INTO samochody (s_id, s_typ, s_numer_rejestracyjny, s_marka, s_model, s_generacja, w_id, pp_id, dp_id, sp_id) VALUES (010, 'Sedan', 'TKIMZ78', 'Ford', 'Mondeo', 'Mk4',010,010,010,010);
INSERT INTO samochody (s_id, s_typ, s_numer_rejestracyjny, s_marka, s_model, s_generacja, w_id, pp_id, dp_id, sp_id) VALUES (011, 'SUV', 'TKIM7Z4', 'Volkswagen', 'Tiguana', 'II',011,011,011,011);
INSERT INTO samochody (s_id, s_typ, s_numer_rejestracyjny, s_marka, s_model, s_generacja, w_id, pp_id, dp_id, sp_id) VALUES (012, 'Sedan', 'TKI89BM', 'Mercedes', 'KlasaE', 'W211',012,012,012,012);
INSERT INTO samochody (s_id, s_typ, s_numer_rejestracyjny, s_marka, s_model, s_generacja, w_id, pp_id, dp_id, sp_id) VALUES (013, 'Kombi', 'TKIBMW3', 'Volkswagen', 'Passat','B8',013,013,013,013);
INSERT INTO samochody (s_id, s_typ, s_numer_rejestracyjny, s_marka, s_model, s_generacja, w_id, pp_id, dp_id, sp_id) VALUES (014, 'Sedan', 'TKI9BM1', 'Audi', 'A8','D3',014,014,014,014);
INSERT INTO samochody (s_id, s_typ, s_numer_rejestracyjny, s_marka, s_model, s_generacja, w_id, pp_id, dp_id, sp_id) VALUES (015, 'Kombi', 'TKIBMK1', 'Audi', 'A4', 'B9',015,015,015,015);

INSERT INTO pracownicy (p_id, p_przepracowane_godziny, p_stawka, pl_id, if_id, st_id) VALUES (001, 240, 4500,001,001,001);
INSERT INTO pracownicy (p_id, p_przepracowane_godziny, p_stawka, pl_id, if_id, st_id) VALUES (002, 250, 3200,002,002,002);
INSERT INTO pracownicy (p_id, p_przepracowane_godziny, p_stawka, pl_id, if_id, st_id) VALUES (003, 300, 3300,003,003,003);
INSERT INTO pracownicy (p_id, p_przepracowane_godziny, p_stawka, pl_id, if_id, st_id) VALUES (004, 290, 3500,004,004,004);
INSERT INTO pracownicy (p_id, p_przepracowane_godziny, p_stawka, pl_id, if_id, st_id) VALUES (005, 210, 5200,005,005,005);
INSERT INTO pracownicy (p_id, p_przepracowane_godziny, p_stawka, pl_id, if_id, st_id) VALUES (006, 180, 4200,006,006,006);
INSERT INTO pracownicy (p_id, p_przepracowane_godziny, p_stawka, pl_id, if_id, st_id) VALUES (007, 210, 4500,007,007,007);
INSERT INTO pracownicy (p_id, p_przepracowane_godziny, p_stawka, pl_id, if_id, st_id) VALUES (008, 245, 7800,008,008,008);
INSERT INTO pracownicy (p_id, p_przepracowane_godziny, p_stawka, pl_id, if_id, st_id) VALUES (009, 290, 3200, 009,009,009);
INSERT INTO pracownicy (p_id, p_przepracowane_godziny, p_stawka, pl_id, if_id, st_id) VALUES (010, 240, 4300,010,010,010);
INSERT INTO pracownicy (p_id, p_przepracowane_godziny, p_stawka, pl_id, if_id, st_id) VALUES (011, 235, 3200,011,011,011);
INSERT INTO pracownicy (p_id, p_przepracowane_godziny, p_stawka, pl_id, if_id, st_id) VALUES (012, 240, 2900,012,012,012);
INSERT INTO pracownicy (p_id, p_przepracowane_godziny, p_stawka, pl_id, if_id, st_id) VALUES (013, 287, 3900,013,013,013);
INSERT INTO pracownicy (p_id, p_przepracowane_godziny, p_stawka, pl_id, if_id, st_id) VALUES (014, 198, 5400,014,014,014);
INSERT INTO pracownicy (p_id, p_przepracowane_godziny, p_stawka, pl_id, if_id, st_id) VALUES (015, 232, 5300,015,015,015);

INSERT INTO zmiany_pracownicze (zp_id, zp_data, zp_godzina_rozpoczecia, zp_godzina_zakonczenia, zp_liczba_kontroli, zp_przerwa, p_id) VALUES (001, TO_DATE('2021/12/20','yyyy/mm/dd'),'09:00','15:00',13,'TAK',001);
INSERT INTO zmiany_pracownicze (zp_id, zp_data, zp_godzina_rozpoczecia, zp_godzina_zakonczenia, zp_liczba_kontroli, zp_przerwa, p_id) VALUES (002, TO_DATE('2021/12/20','yyyy/mm/dd'),'09:00','15:00',12,'TAK',002);
INSERT INTO zmiany_pracownicze (zp_id, zp_data, zp_godzina_rozpoczecia, zp_godzina_zakonczenia, zp_liczba_kontroli, zp_przerwa, p_id) VALUES (003, TO_DATE('2021/12/20','yyyy/mm/dd'),'15:00','21:00',21,'TAK',003);
INSERT INTO zmiany_pracownicze (zp_id, zp_data, zp_godzina_rozpoczecia, zp_godzina_zakonczenia, zp_liczba_kontroli, zp_przerwa, p_id) VALUES (004, TO_DATE('2021/12/21','yyyy/mm/dd'),'09:00','15:00',13,'TAK',004);
INSERT INTO zmiany_pracownicze (zp_id, zp_data, zp_godzina_rozpoczecia, zp_godzina_zakonczenia, zp_liczba_kontroli, zp_przerwa, p_id) VALUES (005, TO_DATE('2021/12/21','yyyy/mm/dd'),'09:00','15:00',15,'TAK',005);
INSERT INTO zmiany_pracownicze (zp_id, zp_data, zp_godzina_rozpoczecia, zp_godzina_zakonczenia, zp_liczba_kontroli, zp_przerwa, p_id) VALUES (006, TO_DATE('2021/12/21','yyyy/mm/dd'),'15:00','21:00',23,'TAK',006);
INSERT INTO zmiany_pracownicze (zp_id, zp_data, zp_godzina_rozpoczecia, zp_godzina_zakonczenia, zp_liczba_kontroli, zp_przerwa, p_id) VALUES (007, TO_DATE('2021/12/21','yyyy/mm/dd'),'15:00','21:00',8,'TAK',007);
INSERT INTO zmiany_pracownicze (zp_id, zp_data, zp_godzina_rozpoczecia, zp_godzina_zakonczenia, zp_liczba_kontroli, zp_przerwa, p_id) VALUES (008, TO_DATE('2021/12/22','yyyy/mm/dd'),'09:00','15:00',14,'TAK',008);
INSERT INTO zmiany_pracownicze (zp_id, zp_data, zp_godzina_rozpoczecia, zp_godzina_zakonczenia, zp_liczba_kontroli, zp_przerwa, p_id) VALUES (009, TO_DATE('2021/12/22','yyyy/mm/dd'),'09:00','15:00',13,'TAK',009);
INSERT INTO zmiany_pracownicze (zp_id, zp_data, zp_godzina_rozpoczecia, zp_godzina_zakonczenia, zp_liczba_kontroli, zp_przerwa, p_id) VALUES (010, TO_DATE('2021/12/22','yyyy/mm/dd'),'15:00','21:00',13,'TAK',010);
INSERT INTO zmiany_pracownicze (zp_id, zp_data, zp_godzina_rozpoczecia, zp_godzina_zakonczenia, zp_liczba_kontroli, zp_przerwa, p_id) VALUES (011, TO_DATE('2021/12/23','yyyy/mm/dd'),'09:00','15:00',23,'TAK',011);
INSERT INTO zmiany_pracownicze (zp_id, zp_data, zp_godzina_rozpoczecia, zp_godzina_zakonczenia, zp_liczba_kontroli, zp_przerwa, p_id) VALUES (012, TO_DATE('2021/12/23','yyyy/mm/dd'),'15:00','21:00',11,'TAK',012);
INSERT INTO zmiany_pracownicze (zp_id, zp_data, zp_godzina_rozpoczecia, zp_godzina_zakonczenia, zp_liczba_kontroli, zp_przerwa, p_id) VALUES (013, TO_DATE('2022/01/01','yyyy/mm/dd'),'09:00','15:00',5,'TAK',013);
INSERT INTO zmiany_pracownicze (zp_id, zp_data, zp_godzina_rozpoczecia, zp_godzina_zakonczenia, zp_liczba_kontroli, zp_przerwa, p_id) VALUES (014, TO_DATE('2022/01/01','yyyy/mm/dd'),'15:00','22:00',4,'TAK',014);
INSERT INTO zmiany_pracownicze (zp_id, zp_data, zp_godzina_rozpoczecia, zp_godzina_zakonczenia, zp_liczba_kontroli, zp_przerwa, p_id) VALUES (015, TO_DATE('2022/01/01','yyyy/mm/dd'),'15:00','22:00',9,'TAK',015);

INSERT INTO kontrole (k_id, k_pozytywny, k_lpg, k_hak, k_data_kontroli, k_data_nastepnej_kontroli, k_cena, p_id, s_id) VALUES (001,'TAK','TAK','TAK', TO_DATE('2021/12/20','yyyy/mm/dd'), TO_DATE('2022/12/20','yyyy/mm/dd'),900,001,001);
INSERT INTO kontrole (k_id, k_pozytywny, k_lpg, k_hak, k_data_kontroli, k_data_nastepnej_kontroli, k_cena, p_id, s_id) VALUES (002,'NIE','NIE','NIE', TO_DATE('2021/12/20','yyyy/mm/dd'), TO_DATE('2022/12/20','yyyy/mm/dd'),1200,002,002);
INSERT INTO kontrole (k_id, k_pozytywny, k_lpg, k_hak, k_data_kontroli, k_data_nastepnej_kontroli, k_cena, p_id, s_id) VALUES (003,'NIE','NIE','TAK', TO_DATE('2021/12/21','yyyy/mm/dd'), TO_DATE('2022/12/20','yyyy/mm/dd'),1500,003,003);
INSERT INTO kontrole (k_id, k_pozytywny, k_lpg, k_hak, k_data_kontroli, k_data_nastepnej_kontroli, k_cena, p_id, s_id) VALUES (004,'TAK','NIE','TAK', TO_DATE('2021/12/23','yyyy/mm/dd'), TO_DATE('2022/12/23','yyyy/mm/dd'),500,004,004);
INSERT INTO kontrole (k_id, k_pozytywny, k_lpg, k_hak, k_data_kontroli, k_data_nastepnej_kontroli, k_cena, p_id, s_id) VALUES (005,'TAK','NIE','NIE', TO_DATE('2022/01/02','yyyy/mm/dd'), TO_DATE('2023/01/02','yyyy/mm/dd'),850,005,005);
INSERT INTO kontrole (k_id, k_pozytywny, k_lpg, k_hak, k_data_kontroli, k_data_nastepnej_kontroli, k_cena, p_id, s_id) VALUES (006,'NIE','TAK','TAK', TO_DATE('2022/01/02','yyyy/mm/dd'), TO_DATE('2023/01/02','yyyy/mm/dd'),1250,006,006);
INSERT INTO kontrole (k_id, k_pozytywny, k_lpg, k_hak, k_data_kontroli, k_data_nastepnej_kontroli, k_cena, p_id, s_id) VALUES (007,'TAK','TAK','TAK', TO_DATE('2022/01/03','yyyy/mm/dd'), TO_DATE('2023/01/03','yyyy/mm/dd'),1500,007,007);
INSERT INTO kontrole (k_id, k_pozytywny, k_lpg, k_hak, k_data_kontroli, k_data_nastepnej_kontroli, k_cena, p_id, s_id) VALUES (008,'TAK','NIE','NIE', TO_DATE('2022/01/04','yyyy/mm/dd'), TO_DATE('2023/01/04','yyyy/mm/dd'),950,008,008);
INSERT INTO kontrole (k_id, k_pozytywny, k_lpg, k_hak, k_data_kontroli, k_data_nastepnej_kontroli, k_cena, p_id, s_id) VALUES (009,'NIE','NIE','NIE', TO_DATE('2022/01/04','yyyy/mm/dd'), TO_DATE('2023/01/04','yyyy/mm/dd'),1250,009,009);
INSERT INTO kontrole (k_id, k_pozytywny, k_lpg, k_hak, k_data_kontroli, k_data_nastepnej_kontroli, k_cena, p_id, s_id) VALUES (010,'NIE','NIE','NIE', TO_DATE('2022/01/05','yyyy/mm/dd'), TO_DATE('2023/01/05','yyyy/mm/dd'),2500,010,010);
INSERT INTO kontrole (k_id, k_pozytywny, k_lpg, k_hak, k_data_kontroli, k_data_nastepnej_kontroli, k_cena, p_id, s_id) VALUES (011,'NIE','NIE','NIE', TO_DATE('2022/01/05','yyyy/mm/dd'), TO_DATE('2023/01/05','yyyy/mm/dd'),1900,011,011);
INSERT INTO kontrole (k_id, k_pozytywny, k_lpg, k_hak, k_data_kontroli, k_data_nastepnej_kontroli, k_cena, p_id, s_id) VALUES (012,'TAK','NIE','NIE', TO_DATE('2022/01/06','yyyy/mm/dd'), TO_DATE('2023/01/06','yyyy/mm/dd'),350,012,012);
INSERT INTO kontrole (k_id, k_pozytywny, k_lpg, k_hak, k_data_kontroli, k_data_nastepnej_kontroli, k_cena, p_id, s_id) VALUES (013,'NIE','NIE','TAK', TO_DATE('2022/01/06','yyyy/mm/dd'), TO_DATE('2023/01/06','yyyy/mm/dd'),490,013,013);
INSERT INTO kontrole (k_id, k_pozytywny, k_lpg, k_hak, k_data_kontroli, k_data_nastepnej_kontroli, k_cena, p_id, s_id) VALUES (014,'TAK','TAK','TAK', TO_DATE('2022/01/06','yyyy/mm/dd'), TO_DATE('2023/01/06','yyyy/mm/dd'),2400,014,014);
INSERT INTO kontrole (k_id, k_pozytywny, k_lpg, k_hak, k_data_kontroli, k_data_nastepnej_kontroli, k_cena, p_id, s_id) VALUES (015,'TAK','NIE','TAK', TO_DATE('2022/01/06','yyyy/mm/dd'), TO_DATE('2023/01/06','yyyy/mm/dd'),420,015,015);
